Clothes Pack 5 by DonEb14n.esp;01AE4A;"CP5_DonEb14n bikini top v1"
Clothes Pack 5 by DonEb14n.esp;01BDCC;"CP5_DonEb14n bikini top v2"
Clothes Pack 5 by DonEb14n.esp;01CDA8;"CP5_DonEb14n bikini top v3"
Clothes Pack 5 by DonEb14n.esp;01D555;"CP5_DonEb14n bikini top v4"
Clothes Pack 5 by DonEb14n.esp;01D558;"CP5_DonEb14n bikini top v5"
Clothes Pack 5 by DonEb14n.esp;01C5A8;"CP5_DonEb14n bodysuit v1"
Clothes Pack 5 by DonEb14n.esp;01C5AB;"CP5_DonEb14n bodysuit v2"
Clothes Pack 5 by DonEb14n.esp;01C5AE;"CP5_DonEb14n bodysuit v3"
Clothes Pack 5 by DonEb14n.esp;01C5B1;"CP5_DonEb14n bodysuit v4"
Clothes Pack 5 by DonEb14n.esp;01C5B4;"CP5_DonEb14n bodysuit v5"
Clothes Pack 5 by DonEb14n.esp;01706E;"CP5_DonEb14n hoodie v1"
Clothes Pack 5 by DonEb14n.esp;0187BA;"CP5_DonEb14n hoodie v2"
Clothes Pack 5 by DonEb14n.esp;018F85;"CP5_DonEb14n hoodie v3"
Clothes Pack 5 by DonEb14n.esp;018F88;"CP5_DonEb14n hoodie v4"
Clothes Pack 5 by DonEb14n.esp;0187BD;"CP5_DonEb14n jacket v1"
Clothes Pack 5 by DonEb14n.esp;018F8B;"CP5_DonEb14n jacket v2"
Clothes Pack 5 by DonEb14n.esp;018F8E;"CP5_DonEb14n jacket v3"
Clothes Pack 5 by DonEb14n.esp;01A6A4;"CP5_DonEb14n jacket v4"
Clothes Pack 5 by DonEb14n.esp;001ED5;"CP5_DonEb14n onepiece v01"
Clothes Pack 5 by DonEb14n.esp;00FD16;"CP5_DonEb14n onepiece v10"
Clothes Pack 5 by DonEb14n.esp;010C5C;"CP5_DonEb14n onepiece v11"
Clothes Pack 5 by DonEb14n.esp;01141D;"CP5_DonEb14n onepiece v12"
Clothes Pack 5 by DonEb14n.esp;0168A6;"CP5_DonEb14n onepiece v13"
Clothes Pack 5 by DonEb14n.esp;014206;"CP5_DonEb14n onepiece v14"
Clothes Pack 5 by DonEb14n.esp;017FD2;"CP5_DonEb14n onepiece v15"
Clothes Pack 5 by DonEb14n.esp;017FD5;"CP5_DonEb14n onepiece v16"
Clothes Pack 5 by DonEb14n.esp;01AE50;"CP5_DonEb14n onepiece v17"
Clothes Pack 5 by DonEb14n.esp;00A8D0;"CP5_DonEb14n onepiece v02"
Clothes Pack 5 by DonEb14n.esp;00B073;"CP5_DonEb14n onepiece v03"
Clothes Pack 5 by DonEb14n.esp;00E60F;"CP5_DonEb14n onepiece v04"
Clothes Pack 5 by DonEb14n.esp;00DE5C;"CP5_DonEb14n onepiece v05"
Clothes Pack 5 by DonEb14n.esp;00EDD0;"CP5_DonEb14n onepiece v06"
Clothes Pack 5 by DonEb14n.esp;00EDC6;"CP5_DonEb14n onepiece v07"
Clothes Pack 5 by DonEb14n.esp;0104B9;"CP5_DonEb14n onepiece v08"
Clothes Pack 5 by DonEb14n.esp;00F573;"CP5_DonEb14n onepiece v09"
Clothes Pack 5 by DonEb14n.esp;003D61;"CP5_DonEb14n shirt v1"
Clothes Pack 5 by DonEb14n.esp;0168A0;"CP5_DonEb14n shirt v2"
Clothes Pack 5 by DonEb14n.esp;0168A3;"CP5_DonEb14n shirt v3"
Clothes Pack 5 by DonEb14n.esp;0160CB;"CP5_DonEb14n suit v1"
Clothes Pack 5 by DonEb14n.esp;0160CE;"CP5_DonEb14n suit v2"
Clothes Pack 5 by DonEb14n.esp;0160D1;"CP5_DonEb14n suit v3"
Clothes Pack 5 by DonEb14n.esp;0160D4;"CP5_DonEb14n suit v4"
Clothes Pack 5 by DonEb14n.esp;004511;"CP5_DonEb14n sweater v01"
Clothes Pack 5 by DonEb14n.esp;012B06;"CP5_DonEb14n sweater v10"
Clothes Pack 5 by DonEb14n.esp;012B09;"CP5_DonEb14n sweater v11"
Clothes Pack 5 by DonEb14n.esp;0149C0;"CP5_DonEb14n sweater v12"
Clothes Pack 5 by DonEb14n.esp;0149C3;"CP5_DonEb14n sweater v13"
Clothes Pack 5 by DonEb14n.esp;015921;"CP5_DonEb14n sweater v14"
Clothes Pack 5 by DonEb14n.esp;0160F3;"CP5_DonEb14n sweater v15"
Clothes Pack 5 by DonEb14n.esp;017FE1;"CP5_DonEb14n sweater v16"
Clothes Pack 5 by DonEb14n.esp;017FE4;"CP5_DonEb14n sweater v17"
Clothes Pack 5 by DonEb14n.esp;0187C6;"CP5_DonEb14n sweater v18"
Clothes Pack 5 by DonEb14n.esp;019F01;"CP5_DonEb14n sweater v19"
Clothes Pack 5 by DonEb14n.esp;0063DB;"CP5_DonEb14n sweater v02"
Clothes Pack 5 by DonEb14n.esp;006B7E;"CP5_DonEb14n sweater v03"
Clothes Pack 5 by DonEb14n.esp;007321;"CP5_DonEb14n sweater v04"
Clothes Pack 5 by DonEb14n.esp;008A18;"CP5_DonEb14n sweater v05"
Clothes Pack 5 by DonEb14n.esp;00D6B9;"CP5_DonEb14n sweater v06"
Clothes Pack 5 by DonEb14n.esp;010C66;"CP5_DonEb14n sweater v07"
Clothes Pack 5 by DonEb14n.esp;010C70;"CP5_DonEb14n sweater v08"
Clothes Pack 5 by DonEb14n.esp;012363;"CP5_DonEb14n sweater v09"
Clothes Pack 5 by DonEb14n.esp;007AC4;"CP5_DonEb14n t-shirt v01"
Clothes Pack 5 by DonEb14n.esp;013A56;"CP5_DonEb14n t-shirt v10"
Clothes Pack 5 by DonEb14n.esp;018F91;"CP5_DonEb14n t-shirt v11"
Clothes Pack 5 by DonEb14n.esp;018F94;"CP5_DonEb14n t-shirt v12"
Clothes Pack 5 by DonEb14n.esp;01975E;"CP5_DonEb14n t-shirt v13"
Clothes Pack 5 by DonEb14n.esp;01AE59;"CP5_DonEb14n t-shirt v14"
Clothes Pack 5 by DonEb14n.esp;01AE5C;"CP5_DonEb14n t-shirt v15"
Clothes Pack 5 by DonEb14n.esp;01CD9B;"CP5_DonEb14n t-shirt v16"
Clothes Pack 5 by DonEb14n.esp;008A22;"CP5_DonEb14n t-shirt v02"
Clothes Pack 5 by DonEb14n.esp;0091CF;"CP5_DonEb14n t-shirt v03"
Clothes Pack 5 by DonEb14n.esp;009975;"CP5_DonEb14n t-shirt v04"
Clothes Pack 5 by DonEb14n.esp;00A121;"CP5_DonEb14n t-shirt v05"
Clothes Pack 5 by DonEb14n.esp;00B816;"CP5_DonEb14n t-shirt v06"
Clothes Pack 5 by DonEb14n.esp;00CF0C;"CP5_DonEb14n t-shirt v07"
Clothes Pack 5 by DonEb14n.esp;00EDBC;"CP5_DonEb14n t-shirt v08"
Clothes Pack 5 by DonEb14n.esp;01517B;"CP5_DonEb14n t-shirt v09"
Clothes Pack 5 by DonEb14n.esp;002E1B;"CP5_DonEb14n top v01"
Clothes Pack 5 by DonEb14n.esp;010C7A;"CP5_DonEb14n top v10"
Clothes Pack 5 by DonEb14n.esp;011BC0;"CP5_DonEb14n top v11"
Clothes Pack 5 by DonEb14n.esp;014209;"CP5_DonEb14n top v12"
Clothes Pack 5 by DonEb14n.esp;0160F6;"CP5_DonEb14n top v13"
Clothes Pack 5 by DonEb14n.esp;01591E;"CP5_DonEb14n top v14"
Clothes Pack 5 by DonEb14n.esp;0168A9;"CP5_DonEb14n top v15"
Clothes Pack 5 by DonEb14n.esp;0168AC;"CP5_DonEb14n top v16"
Clothes Pack 5 by DonEb14n.esp;017071;"CP5_DonEb14n top v17"
Clothes Pack 5 by DonEb14n.esp;01AE56;"CP5_DonEb14n top v18"
Clothes Pack 5 by DonEb14n.esp;004CC4;"CP5_DonEb14n top v02"
Clothes Pack 5 by DonEb14n.esp;005467;"CP5_DonEb14n top v03"
Clothes Pack 5 by DonEb14n.esp;005C24;"CP5_DonEb14n top v04"
Clothes Pack 5 by DonEb14n.esp;005C2E;"CP5_DonEb14n top v05"
Clothes Pack 5 by DonEb14n.esp;00BFC3;"CP5_DonEb14n top v06"
Clothes Pack 5 by DonEb14n.esp;00BFB9;"CP5_DonEb14n top v07"
Clothes Pack 5 by DonEb14n.esp;00E5FF;"CP5_DonEb14n top v08"
Clothes Pack 5 by DonEb14n.esp;00E619;"CP5_DonEb14n top v09"
