Clothes Pack v2.0 by DonEb14n.esp;0000AB;"CP_DonEb14n bomber v1"
Clothes Pack v2.0 by DonEb14n.esp;0001E6;"CP_DonEb14n bomber v10"
Clothes Pack v2.0 by DonEb14n.esp;0000B5;"CP_DonEb14n bomber v2"
Clothes Pack v2.0 by DonEb14n.esp;0000CC;"CP_DonEb14n bomber v3"
Clothes Pack v2.0 by DonEb14n.esp;0000E0;"CP_DonEb14n bomber v4"
Clothes Pack v2.0 by DonEb14n.esp;0000EA;"CP_DonEb14n bomber v5"
Clothes Pack v2.0 by DonEb14n.esp;0001CC;"CP_DonEb14n bomber v6"
Clothes Pack v2.0 by DonEb14n.esp;0001D6;"CP_DonEb14n bomber v7"
Clothes Pack v2.0 by DonEb14n.esp;0001E0;"CP_DonEb14n bomber v8"
Clothes Pack v2.0 by DonEb14n.esp;0001E3;"CP_DonEb14n bomber v9"
Clothes Pack v2.0 by DonEb14n.esp;00006B;"CP_DonEb14n hoodie v1"
Clothes Pack v2.0 by DonEb14n.esp;000082;"CP_DonEb14n hoodie v2"
Clothes Pack v2.0 by DonEb14n.esp;00008F;"CP_DonEb14n hoodie v3"
Clothes Pack v2.0 by DonEb14n.esp;000044;"CP_DonEb14n sweater v1"
Clothes Pack v2.0 by DonEb14n.esp;000051;"CP_DonEb14n sweater v2"
Clothes Pack v2.0 by DonEb14n.esp;00005E;"CP_DonEb14n sweater v3"
Clothes Pack v2.0 by DonEb14n.esp;000010;"CP_DonEb14n t-shirt v1"
Clothes Pack v2.0 by DonEb14n.esp;00001D;"CP_DonEb14n t-shirt v2"
Clothes Pack v2.0 by DonEb14n.esp;00002A;"CP_DonEb14n t-shirt v3"
Clothes Pack v2.0 by DonEb14n.esp;000037;"CP_DonEb14n t-shirt v4"
Clothes Pack v2.0 by DonEb14n.esp;000F9B;"CP_DonEb14n tanktop v1"
Clothes Pack v2.0 by DonEb14n.esp;000003;"CP_DonEb14n tanktop v2"
Clothes Pack v2.0 by DonEb14n.esp;0000BF;"CP_DonEb14n tanktop v3"
